ID,Education
0,12th Pass
1,Post Graduate
2,Graduate
3,Post Graduate
4,Graduate
5,Graduate Professional
6,Graduate
7,Post Graduate
8,Graduate Professional
9,12th Pass
10,Graduate
11,Post Graduate
12,Post Graduate
13,Post Graduate
14,12th Pass
15,Post Graduate
16,Graduate Professional
17,12th Pass
18,Graduate
19,Graduate
20,12th Pass
21,Graduate
22,Post Graduate
23,Graduate
24,12th Pass
25,Post Graduate
26,Graduate Professional
27,Post Graduate
28,Graduate
29,Post Graduate
30,10th Pass
31,Graduate
32,10th Pass
33,Post Graduate
34,12th Pass
35,Graduate Professional
36,Graduate Professional
37,Graduate
38,12th Pass
39,Graduate
40,Graduate Professional
41,Post Graduate
42,Graduate Professional
43,Post Graduate
44,Graduate Professional
45,Graduate
46,10th Pass
47,Post Graduate
48,Graduate Professional
49,Graduate Professional
50,Graduate Professional
51,Graduate Professional
52,Graduate
53,12th Pass
54,12th Pass
55,Post Graduate
56,Post Graduate
57,12th Pass
58,Post Graduate
59,Graduate
60,Graduate
61,Graduate
62,Graduate
63,12th Pass
64,12th Pass
65,Graduate
66,Graduate Professional
67,Graduate Professional
68,Graduate
69,Post Graduate
70,Graduate Professional
71,Post Graduate
72,Graduate
73,12th Pass
74,Graduate
75,12th Pass
76,Post Graduate
77,12th Pass
78,Graduate
79,Post Graduate
80,10th Pass
81,Doctorate
82,Graduate
83,10th Pass
84,Graduate Professional
85,8th Pass
86,Graduate
87,Graduate Professional
88,Graduate
89,12th Pass
90,Graduate
91,Post Graduate
92,Graduate
93,Graduate
94,Graduate
95,Graduate
96,Post Graduate
97,Post Graduate
98,Post Graduate
99,Graduate Professional
100,12th Pass
101,12th Pass
102,Graduate Professional
103,Graduate Professional
104,Graduate
105,10th Pass
106,Post Graduate
107,Doctorate
108,Graduate
109,Graduate
110,Post Graduate
111,12th Pass
112,Post Graduate
113,Post Graduate
114,Graduate
115,Post Graduate
116,Graduate Professional
117,10th Pass
118,Graduate Professional
119,Post Graduate
120,Graduate
121,Graduate
122,Post Graduate
123,12th Pass
124,12th Pass
125,Graduate
126,Post Graduate
127,12th Pass
128,12th Pass
129,Graduate
130,Graduate Professional
131,Graduate
132,Post Graduate
133,12th Pass
134,Graduate
135,Post Graduate
136,Post Graduate
137,Graduate Professional
138,Graduate
139,Post Graduate
140,Graduate Professional
141,12th Pass
142,Post Graduate
143,Post Graduate
144,Post Graduate
145,10th Pass
146,Graduate Professional
147,Post Graduate
148,12th Pass
149,Graduate Professional
150,Graduate Professional
151,12th Pass
152,Graduate
153,Graduate
154,Post Graduate
155,Post Graduate
156,Graduate
157,Graduate
158,Graduate
159,Graduate Professional
160,Graduate Professional
161,Graduate
162,12th Pass
163,Graduate
164,Post Graduate
165,Graduate Professional
166,12th Pass
167,Post Graduate
168,Post Graduate
169,Post Graduate
170,Graduate Professional
171,Graduate Professional
172,Post Graduate
173,Doctorate
174,Post Graduate
175,Graduate
176,Graduate
177,Graduate
178,Graduate Professional
179,Post Graduate
180,10th Pass
181,Graduate
182,Doctorate
183,Graduate
184,Graduate
185,Post Graduate
186,Graduate
187,10th Pass
188,Graduate
189,Graduate
190,Graduate
191,Graduate
192,Graduate
193,Post Graduate
194,10th Pass
195,Post Graduate
196,Post Graduate
197,12th Pass
198,Post Graduate
199,10th Pass
200,Graduate Professional
201,Graduate Professional
202,Graduate
203,Post Graduate
204,Graduate Professional
205,Graduate
206,Post Graduate
207,Graduate
208,Graduate
209,Doctorate
210,Graduate Professional
211,Post Graduate
212,Post Graduate
213,12th Pass
214,Graduate
215,Graduate Professional
216,Post Graduate
217,Graduate
218,Graduate
219,12th Pass
220,12th Pass
221,Graduate
222,Graduate Professional
223,Graduate Professional
224,Graduate Professional
225,Graduate
226,Post Graduate
227,Post Graduate
228,Post Graduate
229,Graduate
230,10th Pass
231,Graduate
232,Graduate
233,Doctorate
234,Graduate
235,Post Graduate
236,Graduate Professional
237,Post Graduate
238,Graduate
239,Graduate Professional
240,Post Graduate
241,Post Graduate
242,Post Graduate
243,12th Pass
244,Post Graduate
245,Graduate
246,Post Graduate
247,Graduate Professional
248,Graduate Professional
249,Graduate Professional
250,Graduate Professional
251,Post Graduate
252,Graduate
253,Post Graduate
254,Post Graduate
255,12th Pass
256,Graduate
257,Graduate
258,12th Pass
259,12th Pass
260,Post Graduate
261,Post Graduate
262,Graduate
263,12th Pass
264,Post Graduate
265,Post Graduate
266,Graduate
267,Post Graduate
268,Graduate
269,Graduate
270,Graduate
271,Graduate Professional
272,Post Graduate
273,Post Graduate
274,Graduate Professional
275,12th Pass
276,Graduate
277,Graduate
278,Post Graduate
279,Graduate
280,12th Pass
281,Graduate
282,Graduate
283,Graduate
284,Graduate
285,Graduate
286,Graduate Professional
287,Graduate Professional
288,Post Graduate
289,10th Pass
290,Graduate
291,12th Pass
292,Graduate
293,Graduate
294,Graduate
295,Graduate Professional
296,Post Graduate
297,Graduate Professional
298,Post Graduate
299,Graduate Professional
300,Graduate
301,Post Graduate
302,Post Graduate
303,Graduate
304,Post Graduate
305,Post Graduate
306,Graduate Professional
307,12th Pass
308,Graduate Professional
309,Graduate Professional
310,12th Pass
311,10th Pass
312,10th Pass
313,10th Pass
314,Graduate
315,Graduate Professional
316,12th Pass
317,Graduate
318,Graduate
319,Graduate
320,12th Pass
321,Graduate
322,Post Graduate
323,Graduate Professional
324,Graduate Professional
325,Post Graduate
326,Graduate
327,Graduate
328,12th Pass
329,Post Graduate
330,Post Graduate
331,10th Pass
332,12th Pass
333,Graduate
334,Graduate
335,Graduate
336,10th Pass
337,Graduate
338,12th Pass
339,Post Graduate
340,Graduate Professional
341,Post Graduate
342,Post Graduate
343,12th Pass
344,Graduate
345,Graduate
346,Post Graduate
347,Post Graduate
348,Post Graduate
349,Graduate
350,Graduate Professional
351,Graduate Professional
352,Post Graduate
353,Graduate
354,Post Graduate
355,12th Pass
356,Graduate Professional
357,Graduate Professional
358,12th Pass
359,Graduate
360,Graduate
361,Graduate
362,Post Graduate
363,Post Graduate
364,Graduate
365,Graduate Professional
366,10th Pass
367,Post Graduate
368,Post Graduate
369,12th Pass
370,Post Graduate
371,Post Graduate
372,Graduate
373,Post Graduate
374,12th Pass
375,Graduate Professional
376,Graduate
377,10th Pass
378,Post Graduate
379,12th Pass
380,12th Pass
381,Post Graduate
382,12th Pass
383,Graduate
384,Graduate
385,Graduate Professional
386,10th Pass
387,Graduate
388,Graduate
389,Graduate
390,Graduate Professional
391,Graduate Professional
392,12th Pass
393,Post Graduate
394,Graduate
395,Graduate
396,12th Pass
397,12th Pass
398,Graduate Professional
399,Post Graduate
400,Graduate Professional
401,Post Graduate
402,Post Graduate
403,Post Graduate
404,12th Pass
405,Post Graduate
406,10th Pass
407,5th Pass
408,Post Graduate
409,12th Pass
410,Graduate
411,Post Graduate
412,Post Graduate
413,Post Graduate
414,Graduate Professional
415,12th Pass
416,Graduate
417,10th Pass
418,Post Graduate
419,12th Pass
420,Graduate
421,Post Graduate
422,12th Pass
423,Post Graduate
424,Graduate Professional
425,Graduate
426,Post Graduate
427,Graduate
428,Graduate Professional
429,Graduate
430,Post Graduate
431,Graduate
432,12th Pass
433,Graduate
434,Graduate Professional
435,Graduate Professional
436,Post Graduate
437,Post Graduate
438,Graduate
439,Graduate Professional
440,Post Graduate
441,Graduate Professional
442,Graduate Professional
443,Graduate
444,Graduate Professional
445,Post Graduate
446,Graduate Professional
447,Graduate
448,Post Graduate
449,Post Graduate
450,Graduate Professional
451,Graduate Professional
452,Graduate
453,Post Graduate
454,Post Graduate
455,Graduate
456,Graduate Professional
457,Post Graduate
458,Graduate Professional
459,Graduate Professional
460,Graduate Professional
461,Graduate
462,Post Graduate
463,10th Pass
464,Graduate
465,Post Graduate
466,Graduate
467,Graduate
468,Graduate
469,Post Graduate
470,Graduate
471,Graduate Professional
472,Graduate
473,Graduate Professional
474,Graduate Professional
475,Post Graduate
476,Graduate
477,12th Pass
478,Graduate
479,Graduate Professional
480,Doctorate
481,Post Graduate
482,Graduate
483,Graduate
484,Graduate
485,Post Graduate
486,Graduate
487,Graduate Professional
488,Graduate
489,Graduate
490,12th Pass
491,Post Graduate
492,Post Graduate
493,10th Pass
494,Graduate
495,Graduate
496,12th Pass
497,Post Graduate
498,Graduate
499,Graduate
500,Post Graduate
501,12th Pass
502,Graduate
503,Graduate
504,Graduate Professional
505,Post Graduate
506,Post Graduate
507,Graduate
508,Graduate Professional
509,Graduate
510,Post Graduate
511,Graduate
512,Post Graduate
513,Post Graduate
514,Graduate
515,12th Pass
516,Graduate
517,Post Graduate
518,12th Pass
519,Graduate
520,Post Graduate
521,Post Graduate
522,Graduate
523,12th Pass
524,Post Graduate
525,12th Pass
526,Graduate
527,Post Graduate
528,Graduate
529,Post Graduate
530,Post Graduate
531,Graduate
532,Graduate
533,Graduate
534,Graduate
535,Post Graduate
536,Graduate
537,Post Graduate
538,Graduate
539,Graduate
540,12th Pass
541,Graduate
542,Graduate
543,Post Graduate
544,Post Graduate
545,Post Graduate
546,Post Graduate
547,10th Pass
548,Graduate
549,Graduate Professional
550,Graduate
551,Graduate Professional
552,Post Graduate
553,Post Graduate
554,Graduate Professional
555,10th Pass
556,Graduate Professional
557,Graduate Professional
558,Post Graduate
559,12th Pass
560,Post Graduate
561,12th Pass
562,Graduate
563,Post Graduate
564,Graduate
565,Post Graduate
566,Post Graduate
567,12th Pass
568,Post Graduate
569,Post Graduate
570,Graduate
571,Post Graduate
572,Graduate
573,Graduate
574,Graduate
575,Graduate
576,Post Graduate
577,Post Graduate
578,Graduate
579,10th Pass
580,Graduate Professional
581,Graduate Professional
582,Graduate
583,Post Graduate
584,Graduate
585,12th Pass
586,Post Graduate
587,Post Graduate
588,Graduate Professional
589,Graduate
590,Graduate
591,Graduate
592,12th Pass
593,Graduate Professional
594,10th Pass
595,Graduate Professional
596,Post Graduate
597,Graduate
598,Post Graduate
599,Graduate Professional
600,Graduate
601,Doctorate
602,12th Pass
603,Graduate Professional
604,Post Graduate
605,Doctorate
606,Graduate
607,Graduate Professional
608,Graduate
609,Post Graduate
610,Graduate
611,Graduate
612,Post Graduate
613,Post Graduate
614,Graduate
615,12th Pass
616,Graduate Professional
617,Graduate Professional
618,Post Graduate
619,Graduate Professional
620,Post Graduate
621,Graduate Professional
622,Post Graduate
623,Graduate Professional
624,12th Pass
625,12th Pass
626,Graduate Professional
627,Graduate Professional
628,Post Graduate
629,Graduate
630,Post Graduate
631,12th Pass
632,12th Pass
633,Post Graduate
634,Graduate
635,Graduate
636,Graduate Professional
637,Post Graduate
638,12th Pass
639,Graduate Professional
640,Graduate
641,Graduate
642,Graduate
643,10th Pass
644,5th Pass
645,Post Graduate
646,Graduate Professional
647,Post Graduate
648,Graduate
649,Post Graduate
650,Graduate Professional
651,Graduate
652,12th Pass
653,Post Graduate
654,Post Graduate
655,Graduate
656,8th Pass
657,Graduate Professional
658,Graduate Professional
659,Graduate
660,Graduate Professional
661,Graduate Professional
662,12th Pass
663,Graduate
664,Graduate Professional
665,Graduate
666,Post Graduate
667,Graduate Professional
668,Post Graduate
669,12th Pass
670,Post Graduate
671,12th Pass
672,Post Graduate
673,12th Pass
674,Graduate Professional
675,Graduate
676,Graduate
677,Graduate
678,Post Graduate
679,Graduate
680,12th Pass
681,Graduate Professional
682,Post Graduate
683,Graduate
684,Post Graduate
685,12th Pass
686,Post Graduate
687,12th Pass
688,Graduate Professional
689,10th Pass
690,Graduate
691,Graduate Professional
692,Graduate Professional
693,Graduate
694,Graduate
695,Graduate
696,Post Graduate
697,12th Pass
698,Graduate
699,12th Pass
700,Post Graduate
701,Graduate Professional
702,Graduate Professional
703,Graduate
704,Post Graduate
705,Graduate
706,Graduate
707,12th Pass
708,10th Pass
709,Graduate Professional
710,Graduate Professional
711,Graduate
712,Graduate Professional
713,12th Pass
714,Post Graduate
715,Post Graduate
716,Graduate
717,Graduate Professional
718,Post Graduate
719,Post Graduate
720,12th Pass
721,Graduate
722,Graduate
723,Post Graduate
724,Post Graduate
725,Post Graduate
726,12th Pass
727,12th Pass
728,Graduate Professional
729,Graduate Professional
730,10th Pass
731,12th Pass
732,Post Graduate
733,Post Graduate
734,Graduate Professional
735,10th Pass
736,Graduate
737,Graduate
738,Post Graduate
739,Post Graduate
740,Graduate
741,Post Graduate
742,12th Pass
743,12th Pass
744,Post Graduate
745,Graduate
746,Post Graduate
747,12th Pass
748,12th Pass
749,Post Graduate
750,Graduate
751,10th Pass
752,Graduate
753,10th Pass
754,Graduate
755,Post Graduate
756,Post Graduate
757,Graduate
758,Graduate Professional
759,Graduate
760,Post Graduate
761,Graduate
762,Post Graduate
763,Graduate
764,Graduate
765,Graduate
766,Graduate
767,Post Graduate
768,12th Pass
769,Graduate Professional
770,Graduate Professional
771,Graduate Professional
772,Graduate
773,Graduate
774,Post Graduate
775,Graduate Professional
776,Graduate Professional
777,12th Pass
778,Graduate
779,Post Graduate
780,Post Graduate
781,Graduate
782,10th Pass
783,Graduate
784,10th Pass
785,Post Graduate
786,10th Pass
787,Post Graduate
788,Graduate Professional
789,Post Graduate
790,Post Graduate
791,Graduate
792,Graduate
793,Post Graduate
794,Post Graduate
795,Graduate
796,Post Graduate
797,12th Pass
798,12th Pass
799,Graduate
800,Post Graduate
801,Graduate Professional
802,Graduate
803,Post Graduate
804,Post Graduate
805,Post Graduate
806,Graduate
807,Graduate Professional
808,12th Pass
809,Post Graduate
810,10th Pass
811,Post Graduate
812,Graduate Professional
813,Graduate Professional
814,Graduate
815,Post Graduate
816,Post Graduate
817,12th Pass
818,Post Graduate
819,Post Graduate
820,Graduate
821,Graduate
822,Graduate
823,12th Pass
824,Post Graduate
825,Post Graduate
826,12th Pass
827,12th Pass
828,Graduate Professional
829,12th Pass
830,Post Graduate
831,Post Graduate
832,Graduate
833,Post Graduate
834,Post Graduate
835,12th Pass
836,Graduate Professional
837,Graduate Professional
838,Graduate Professional
839,Post Graduate
840,Graduate
841,Graduate
842,Post Graduate
843,Graduate
844,Graduate Professional
845,Graduate
846,10th Pass
847,12th Pass
848,Graduate Professional
849,Graduate
850,Post Graduate
851,12th Pass
852,Post Graduate
853,12th Pass
854,Graduate
855,Graduate
856,Graduate Professional
857,Graduate Professional
858,Graduate
859,Graduate
860,Graduate
861,Doctorate
862,12th Pass
863,10th Pass
864,10th Pass
865,Post Graduate
866,Graduate Professional
867,Post Graduate
868,Graduate Professional
869,Graduate
870,Graduate
871,Post Graduate
872,Post Graduate
873,Post Graduate
874,10th Pass
875,Post Graduate
876,10th Pass
877,Graduate
878,Post Graduate
879,Graduate Professional
880,12th Pass
881,Post Graduate
882,10th Pass
883,12th Pass
884,Post Graduate
885,10th Pass
886,Post Graduate
887,Graduate Professional
888,Graduate Professional
889,Graduate
890,Graduate Professional
891,12th Pass
892,10th Pass
893,Doctorate
894,Graduate
895,Graduate
896,Graduate
897,Graduate Professional
898,Graduate
899,12th Pass
900,Graduate
901,Post Graduate
902,12th Pass
903,Graduate
904,Post Graduate
905,Post Graduate
906,Graduate
907,Post Graduate
908,10th Pass
909,Graduate
910,Graduate Professional
911,12th Pass
912,Graduate
913,Post Graduate
914,12th Pass
915,Graduate
916,Post Graduate
917,Graduate
918,Post Graduate
919,Post Graduate
920,Graduate
921,Graduate
922,Post Graduate
923,Post Graduate
924,Doctorate
925,12th Pass
926,Post Graduate
927,Post Graduate
928,Graduate Professional
929,10th Pass
930,Graduate
931,12th Pass
932,12th Pass
933,Graduate Professional
934,Post Graduate
935,12th Pass
936,Post Graduate
937,12th Pass
938,Post Graduate
939,12th Pass
940,Post Graduate
941,Post Graduate
942,Post Graduate
943,Graduate
944,12th Pass
945,Graduate Professional
946,Post Graduate
947,Graduate
948,Post Graduate
949,Graduate Professional
950,Post Graduate
951,12th Pass
952,Graduate Professional
953,Graduate
954,Graduate
955,10th Pass
956,Graduate
957,Post Graduate
958,Graduate
959,Graduate
960,Graduate
961,12th Pass
962,Doctorate
963,Graduate
964,Graduate
965,Post Graduate
966,Graduate Professional
967,Post Graduate
968,Post Graduate
969,12th Pass
970,12th Pass
971,Graduate
972,Post Graduate
973,Graduate
974,Graduate
975,Post Graduate
976,10th Pass
977,12th Pass
978,Graduate
979,Post Graduate
980,Post Graduate
981,Graduate
982,Graduate
983,Post Graduate
984,Graduate Professional
985,Post Graduate
986,Post Graduate
987,10th Pass
988,Graduate
989,12th Pass
990,Post Graduate
991,Post Graduate
992,Post Graduate
993,Graduate
994,Graduate Professional
995,Graduate Professional
996,12th Pass
997,Graduate
998,Post Graduate
999,12th Pass
1000,Graduate
1001,Post Graduate
1002,Graduate
1003,Graduate Professional
1004,12th Pass
1005,Graduate Professional
1006,12th Pass
1007,Post Graduate
1008,Post Graduate
1009,12th Pass
1010,Graduate
1011,10th Pass
1012,8th Pass
1013,Graduate Professional
1014,Doctorate
1015,12th Pass
1016,Graduate
1017,Post Graduate
1018,Graduate Professional
1019,12th Pass
1020,12th Pass
1021,12th Pass
1022,Graduate
1023,Post Graduate
1024,Graduate
1025,10th Pass
1026,Graduate
1027,Graduate
1028,12th Pass
1029,Graduate
1030,Post Graduate
1031,Post Graduate
1032,Graduate Professional
1033,Graduate
1034,Post Graduate
1035,12th Pass
1036,Graduate
1037,Graduate
1038,Post Graduate
1039,Graduate
1040,Graduate
1041,Post Graduate
1042,Graduate
1043,Graduate Professional
1044,12th Pass
1045,Graduate
1046,Graduate
1047,Post Graduate
1048,Graduate
1049,12th Pass
1050,Graduate
1051,Graduate
1052,Doctorate
1053,Post Graduate
1054,Post Graduate
1055,Post Graduate
1056,Post Graduate
1057,Graduate Professional
1058,Post Graduate
1059,Graduate
1060,Post Graduate
1061,Graduate
1062,Post Graduate
1063,12th Pass
1064,12th Pass
1065,Graduate
1066,Post Graduate
1067,Graduate Professional
1068,Graduate
1069,Graduate
1070,Graduate
1071,Graduate Professional
1072,Graduate
1073,Graduate
1074,Graduate
1075,10th Pass
1076,Graduate Professional
1077,12th Pass
1078,Post Graduate
1079,12th Pass
1080,Post Graduate
1081,Post Graduate
1082,12th Pass
1083,Graduate
1084,Post Graduate
1085,Graduate
1086,Graduate
1087,Post Graduate
1088,Doctorate
1089,Graduate
1090,Post Graduate
1091,Post Graduate
1092,Graduate
1093,10th Pass
1094,Graduate
1095,Graduate
1096,Graduate Professional
1097,10th Pass
1098,Graduate Professional
1099,10th Pass
1100,12th Pass
1101,12th Pass
1102,10th Pass
1103,10th Pass
1104,Graduate Professional
1105,12th Pass
1106,Post Graduate
1107,Graduate Professional
1108,12th Pass
1109,Graduate
1110,10th Pass
1111,Graduate
1112,Graduate
1113,Graduate
1114,12th Pass
1115,Post Graduate
1116,Graduate Professional
1117,Graduate
1118,Graduate Professional
1119,Post Graduate
1120,Graduate
1121,Graduate
1122,Graduate
1123,Graduate Professional
1124,Graduate Professional
1125,Post Graduate
1126,10th Pass
1127,10th Pass
1128,Graduate Professional
1129,Post Graduate
1130,Post Graduate
1131,Graduate
1132,12th Pass
1133,Post Graduate
1134,Post Graduate
1135,Post Graduate
1136,Graduate
1137,Post Graduate
1138,12th Pass
1139,Graduate
1140,Post Graduate
1141,Graduate
1142,Post Graduate
1143,12th Pass
1144,Graduate
1145,Graduate
1146,10th Pass
1147,Graduate
1148,Post Graduate
1149,Graduate
1150,Graduate
1151,Graduate Professional
1152,Graduate
1153,12th Pass
1154,12th Pass
1155,Post Graduate
1156,Graduate Professional
1157,Post Graduate
1158,Graduate Professional
1159,Post Graduate
1160,10th Pass
1161,Graduate Professional
1162,Graduate
1163,Post Graduate
1164,Graduate Professional
1165,Post Graduate
1166,Graduate
1167,Graduate
1168,Graduate
1169,Post Graduate
1170,12th Pass
1171,Post Graduate
1172,Post Graduate
1173,Post Graduate
1174,Graduate Professional
1175,10th Pass
1176,Post Graduate
1177,12th Pass
1178,12th Pass
1179,Graduate
1180,Post Graduate
1181,Post Graduate
1182,Graduate
1183,Post Graduate
1184,Post Graduate
1185,12th Pass
1186,12th Pass
1187,Graduate
1188,10th Pass
1189,Graduate
1190,Graduate
1191,Graduate
1192,Graduate Professional
1193,Post Graduate
1194,Post Graduate
1195,12th Pass
1196,Graduate Professional
1197,Graduate
1198,12th Pass
1199,10th Pass
1200,12th Pass
1201,10th Pass
1202,Graduate
1203,12th Pass
1204,Graduate
1205,12th Pass
1206,Graduate Professional
1207,12th Pass
1208,Graduate Professional
1209,Graduate
1210,Graduate
1211,10th Pass
1212,Post Graduate
1213,12th Pass
1214,Graduate Professional
1215,Graduate
1216,Post Graduate
1217,12th Pass
1218,12th Pass
1219,Graduate
1220,Post Graduate
1221,Graduate
1222,Graduate Professional
1223,Graduate
1224,Graduate
1225,Graduate
1226,Graduate
1227,Graduate
1228,Graduate Professional
1229,Graduate
1230,12th Pass
1231,12th Pass
1232,Graduate
1233,Post Graduate
1234,Post Graduate
1235,Post Graduate
1236,12th Pass
1237,10th Pass
1238,Post Graduate
1239,Post Graduate
1240,Post Graduate
1241,Post Graduate
1242,Post Graduate
1243,Graduate
1244,Graduate
1245,Graduate
1246,12th Pass
1247,Graduate Professional
1248,12th Pass
1249,Graduate Professional
1250,Graduate
1251,Graduate Professional
1252,Graduate
1253,Post Graduate
1254,Post Graduate
1255,Graduate Professional
1256,12th Pass
1257,Graduate
1258,Graduate
1259,Post Graduate
1260,Graduate Professional
1261,Graduate Professional
1262,Graduate
1263,Post Graduate
1264,Post Graduate
1265,Post Graduate
1266,Post Graduate
1267,Post Graduate
1268,Post Graduate
1269,Post Graduate
1270,Graduate Professional
1271,Graduate
1272,Graduate
1273,8th Pass
1274,Graduate Professional
1275,Graduate
1276,Graduate Professional
1277,Graduate
1278,Graduate
1279,Graduate
1280,Graduate Professional
1281,10th Pass
1282,Graduate
1283,Graduate
1284,Graduate
1285,Graduate
1286,12th Pass
1287,Graduate
1288,12th Pass
1289,Post Graduate
1290,Graduate Professional
1291,Graduate
1292,12th Pass
1293,Graduate Professional
1294,Post Graduate
1295,Graduate
1296,Post Graduate
1297,Graduate Professional
1298,Graduate Professional
1299,12th Pass
1300,Post Graduate
1301,Graduate
1302,12th Pass
1303,Graduate
1304,Graduate
1305,Graduate Professional
1306,12th Pass
1307,Post Graduate
1308,Graduate Professional
1309,Post Graduate
1310,Graduate
1311,Graduate
1312,Graduate
1313,Graduate Professional
1314,Post Graduate
1315,12th Pass
1316,Post Graduate
1317,12th Pass
1318,12th Pass
1319,Graduate Professional
1320,10th Pass
1321,Post Graduate
1322,Graduate
1323,Graduate
1324,Doctorate
1325,Graduate
1326,Graduate Professional
1327,10th Pass
1328,Post Graduate
1329,Graduate
1330,Graduate
1331,Graduate
1332,Graduate
1333,Graduate
1334,Graduate Professional
1335,12th Pass
1336,Post Graduate
1337,Post Graduate
1338,12th Pass
1339,Graduate
1340,Post Graduate
1341,Graduate
1342,Post Graduate
1343,Post Graduate
1344,Graduate Professional
1345,12th Pass
1346,Graduate
1347,Post Graduate
1348,Graduate
1349,Graduate
1350,Graduate
1351,Graduate
1352,Post Graduate
1353,Graduate Professional
1354,Graduate
1355,Graduate
1356,Post Graduate
1357,Post Graduate
1358,Post Graduate
1359,10th Pass
1360,Post Graduate
1361,Graduate
1362,Post Graduate
1363,Graduate Professional
1364,Graduate Professional
1365,Post Graduate
1366,10th Pass
1367,Post Graduate
1368,Graduate
1369,Post Graduate
1370,Post Graduate
1371,Post Graduate
1372,Graduate
1373,Post Graduate
